Atributo;HD Seagate Barracuda 1TB Sata III 7200RPM 64MB ST1000DM010;HD Western Digital Caviar Blue 1TB Sata III 7200RPM 64MB;HD Western Digital 1TB Purple WD10PURX 64MB SATA III;HD Seagate SkyHawk Surveillance 1TB SATA6 5400RPM 64MB;HD Seagate Barracuda 2TB Sata III 7200RPM 256MB
HD Seagate Barracuda 1TB Sata III 7200RPM 64MB ST1000DM010;1;0.75;0.5;0.5;0.25
HD Western Digital Caviar Blue 1TB Sata III 7200RPM 64MB;0.75;1;0.75;0.75;0.25
HD Western Digital 1TB Purple WD10PURX 64MB SATA III;0.5;0.75;1;0.75;0.25
HD Seagate SkyHawk Surveillance 1TB SATA6 5400RPM 64MB;0.25;0.5;0.75;1;0.5
HD Seagate Barracuda 2TB Sata III 7200RPM 256MB;0;0.25;0.5;0.75;1
