Atributo;GeForce GT 420 2GB;GeForce GT 730 2GB;Radeon R7 360 2GB;GeForce GT 740 2GB;GeForce GTX 750 Ti 4GB;Radeon RX 550 Gaming OC 2GB;GeForce GTX 950 XTreme 2GB;GeForce GTX 1050 OC 2GB
GeForce GT 420 2GB;1;0.75;0.5;0.25;0;0;0;0
GeForce GT 730 2GB;0.75;1;0.75;0.5;0.25;0;0;0
Radeon R7 360 2GB;0.5;0.75;1;0.75;0.5;0.25;0;0
GeForce GT 740, 2GB;0.25;0.5;0.75;1;0.75;0.5;0.25;0
GeForce GTX 750 Ti 4GB,;0;0.25;0.5;0.75;1;0.75;0.5;0.25
Radeon RX 550 Gaming 2GB;0;0;0.25;0.5;0.75;1;0.75;0.5
GeForce GTX 950 XTreme 2GB;0;0;0;0.25;0.5;0.75;1;0.75
GeForce GTX 1050 2GB;0;0;0;0;0.25;0.5;0.75;1
